<keymap version="1" name="Windows Proper Redo" parent="$default">
  <action id="$Redo">
    <keyboard-shortcut first-keystroke="shift ctrl z" />
    <keyboard-shortcut first-keystroke="shift alt back_space" />
    <keyboard-shortcut first-keystroke="ctrl y" />
  </action>
  <action id="ChangesView.Diff" />
  <action id="CloseContent">
    <keyboard-shortcut first-keystroke="ctrl f4" />
    <keyboard-shortcut first-keystroke="ctrl w" />
  </action>
  <action id="CommentByLineComment">
    <keyboard-shortcut first-keystroke="ctrl slash" />
    <keyboard-shortcut first-keystroke="ctrl divide" />
    <keyboard-shortcut first-keystroke="ctrl t" />
    <keyboard-shortcut first-keystroke="ctrl r" />
  </action>
  <action id="CompareTwoFiles" />
  <action id="Debugger.AddToWatch">
    <keyboard-shortcut first-keystroke="ctrl d" />
  </action>
  <action id="Diff.ShowDiff" />
  <action id="EditorDeleteLine" />
  <action id="EditorDuplicate" />
  <action id="EditorSelectWord" />
  <action id="FileChooser.GotoDesktop" />
  <action id="Replace" />
  <action id="SendEOF" />
  <action id="Vcs.UpdateProject" />
  <action id="openAssertEqualsDiff" />
</keymap>