<application>
  <component name="LightEdit">
    <option name="sessionFiles">
      <list>
        <option value="file://F:/BlenderCOLMAP/TestBuilding/dense/0/sparse/points3D.bin" />
      </list>
    </option>
    <option name="supportedFilePatterns">
      <list>
        <option value="*.conf" />
        <option value="*.ini" />
        <option value="*.json" />
        <option value="*.log" />
        <option value="*.md" />
        <option value="*.sh" />
        <option value="*.txt" />
        <option value="*.xml" />
        <option value="*.yml" />
      </list>
    </option>
    <option name="frameInfo">
      <frame x="10" y="20" width="1346" height="688" />
    </option>
  </component>
</application>